{"GarageT":{"slots":[[{"h":248.54248,"x":205.37925,"y":-800.882,"z":30.607418},true],[{"h":249.4309,"x":206.75903,"y":-798.1856,"z":30.582967},true],[{"h":248.5202,"x":207.63342,"y":-795.8126,"z":30.564599},true],[{"h":250.3489,"x":208.74072,"y":-793.4192,"z":30.541217},true],[{"h":249.449,"x":209.96,"y":-790.853,"z":30.51},true],[{"h":252.283,"x":210.593,"y":-788.136,"z":30.493},true],[{"h":249.449,"x":212.097,"y":-785.763,"z":30.476},true],[{"h":249.449,"x":212.822,"y":-783.178,"z":30.459},true],[{"h":249.449,"x":213.587,"y":-780.554,"z":30.459},true],[{"h":249.449,"x":214.378,"y":-778.233,"z":30.443},true],[{"h":252.283,"x":215.604,"y":-775.701,"z":30.426},true],[{"h":252.283,"x":216.33,"y":-772.998,"z":30.426},true],[{"h":252.283,"x":217.2,"y":-770.426,"z":30.426},true],[{"h":252.283,"x":218.295,"y":-768.04,"z":30.409},true],[{"h":252.283,"x":219.415,"y":-765.534,"z":30.409},true],[{"h":68.031,"x":228.316,"y":-769.226,"z":30.358},true],[{"h":70.866,"x":227.327,"y":-771.877,"z":30.358},true],[{"h":68.031,"x":226.734,"y":-774.673,"z":30.341},true],[{"h":68.031,"x":225.666,"y":-777.125,"z":30.341},true],[{"h":68.031,"x":224.519,"y":-779.565,"z":30.325},true],[{"h":65.197,"x":223.451,"y":-781.965,"z":30.341},true],[{"h":68.031,"x":222.897,"y":-784.642,"z":30.341},true],[{"h":68.031,"x":221.855,"y":-787.134,"z":30.341},true],[{"h":65.197,"x":220.879,"y":-789.6,"z":30.341},true],[{"h":68.031,"x":220.022,"y":-792.105,"z":30.325},true],[{"h":68.031,"x":218.901,"y":-794.677,"z":30.341},true],[{"h":65.197,"x":218.281,"y":-797.433,"z":30.341},true],[{"h":68.031,"x":217.332,"y":-799.741,"z":30.358},true],[{"h":65.197,"x":216.303,"y":-802.365,"z":30.375},true],[{"h":68.031,"x":215.565,"y":-804.725,"z":30.375},true],[{"h":249.449,"x":220.51,"y":-809.116,"z":30.24},true],[{"h":249.449,"x":221.103,"y":-806.321,"z":30.257},true],[{"h":249.449,"x":222.33,"y":-803.974,"z":30.24},true],[{"h":246.614,"x":222.778,"y":-801.138,"z":30.24},true],[{"h":249.449,"x":223.767,"y":-798.712,"z":30.24},true],[{"h":252.283,"x":224.769,"y":-796.114,"z":30.24},true],[{"h":252.283,"x":225.956,"y":-793.754,"z":30.24},true],[{"h":252.283,"x":226.365,"y":-791.196,"z":30.257},true],[{"h":249.449,"x":227.842,"y":-788.822,"z":30.257},true],[{"h":252.283,"x":229.451,"y":-783.877,"z":30.274},true],[{"h":249.449,"x":230.492,"y":-781.2,"z":30.274},true],[{"h":249.449,"x":231.178,"y":-778.642,"z":30.291},true],[{"h":252.283,"x":231.864,"y":-775.793,"z":30.308},true],[{"h":249.449,"x":233.235,"y":-773.433,"z":30.308},true],[{"h":249.449,"x":234.198,"y":-770.888,"z":30.341},true],[{"h":68.031,"x":244.418,"y":-772.629,"z":30.291},true],[{"h":65.197,"x":243.996,"y":-775.385,"z":30.257},true],[{"h":65.197,"x":243.903,"y":-775.345,"z":30.257},true],[{"h":65.197,"x":242.769,"y":-777.574,"z":30.223},true],[{"h":65.197,"x":242.215,"y":-780.33,"z":30.19},true],[{"h":68.031,"x":241.648,"y":-783.244,"z":30.156},true],[{"h":70.866,"x":240.105,"y":-785.222,"z":30.156},true],[{"h":68.031,"x":239.248,"y":-787.938,"z":30.122},true],[{"h":68.031,"x":238.075,"y":-790.391,"z":30.105},true],[{"h":68.031,"x":236.862,"y":-792.884,"z":30.089},true],[{"h":65.197,"x":236.018,"y":-795.31,"z":30.089},true],[{"h":68.031,"x":235.622,"y":-797.855,"z":30.055},true],[{"h":65.197,"x":233.908,"y":-800.176,"z":30.072},true],[{"h":68.031,"x":233.446,"y":-803.196,"z":30.038},true],[{"h":68.031,"x":232.523,"y":-805.543,"z":30.021},true],[{"h":68.031,"x":231.732,"y":-808.035,"z":30.021},true],[{"h":68.031,"x":230.993,"y":-810.646,"z":30.004},true],[{"h":68.031,"x":236.321,"y":-812.901,"z":29.87},true],[{"h":65.197,"x":237.152,"y":-810.527,"z":29.886},true],[{"h":68.031,"x":238.404,"y":-807.93,"z":29.886},true],[{"h":68.031,"x":239.196,"y":-805.503,"z":29.903},true],[{"h":68.031,"x":240.673,"y":-803.011,"z":29.92},true],[{"h":70.866,"x":241.24,"y":-800.44,"z":29.954},true],[{"h":65.197,"x":241.899,"y":-797.829,"z":29.971},true],[{"h":68.031,"x":242.756,"y":-795.112,"z":30.004},true],[{"h":68.031,"x":243.903,"y":-792.936,"z":30.021},true],[{"h":65.197,"x":244.549,"y":-790.259,"z":30.055},true],[{"h":70.866,"x":245.736,"y":-787.279,"z":30.089},true],[{"h":68.031,"x":247.029,"y":-785.077,"z":30.105},true],[{"h":68.031,"x":247.279,"y":-782.334,"z":30.139},true],[{"h":62.362,"x":248.229,"y":-779.749,"z":30.173},true],[{"h":70.866,"x":249.56,"y":-777.468,"z":30.207},true],[{"h":65.197,"x":250.536,"y":-774.897,"z":30.24},true],[{"h":161.575,"x":245.459,"y":-742.602,"z":30.392},true],[{"h":161.575,"x":249.152,"y":-743.565,"z":30.392},true],[{"h":158.74,"x":252.33,"y":-744.633,"z":30.392},true],[{"h":158.74,"x":255.851,"y":-745.793,"z":30.392},true],[{"h":158.74,"x":259.266,"y":-747.231,"z":30.392},true],[{"h":155.906,"x":261.982,"y":-748.141,"z":30.392},true],[{"h":158.74,"x":265.622,"y":-749.354,"z":30.392},true],[{"h":158.74,"x":268.8,"y":-750.409,"z":30.392},true],[{"h":158.74,"x":264.33,"y":-765.007,"z":30.392},true],[{"h":155.906,"x":261.587,"y":-763.78,"z":30.392},true],[{"h":155.906,"x":258.33,"y":-762.448,"z":30.392},true],[{"h":340.157,"x":253.596,"y":-760.734,"z":30.392},true],[{"h":340.157,"x":250.774,"y":-759.798,"z":30.392},true],[{"h":340.157,"x":247.2,"y":-758.308,"z":30.392},true],[{"h":70.866,"x":264.211,"y":-759.613,"z":34.217},true],[{"h":68.031,"x":263.341,"y":-762.62,"z":34.217},true],[{"h":56.693,"x":261.534,"y":-766.273,"z":34.217},true],[{"h":342.992,"x":254.215,"y":-761.749,"z":34.217},true],[{"h":337.323,"x":250.879,"y":-760.497,"z":34.217},true],[{"h":337.323,"x":247.991,"y":-759.349,"z":34.217},true],[{"h":337.323,"x":242.479,"y":-756.949,"z":34.217},true],[{"h":158.74,"x":234.066,"y":-739.609,"z":34.149},true],[{"h":158.74,"x":239.749,"y":-741.6,"z":34.183},true],[{"h":158.74,"x":243.165,"y":-742.787,"z":34.2},true],[{"h":158.74,"x":246.58,"y":-743.947,"z":34.2},true],[{"h":158.74,"x":246.58,"y":-743.947,"z":34.2},true],[{"h":161.575,"x":253.437,"y":-746.229,"z":34.217},true],[{"h":161.575,"x":253.437,"y":-746.229,"z":34.217},true]],"payment":{"onetime":true,"price":36},"blip":{"enable":true,"coords":{"x":213.63487243652345,"y":-809.1442260742188,"z":31.01488494873047},"type":"garage"},"ped":{"created":false,"coords":{"x":212.291244506836,"y":-808.6400146484375,"z":30.817411422729493},"type":-567724045,"heading":79.387306,"enable":true},"interactions":{"interact":"To interact","to_interact":"~r~E~w~ To interact"}},"GarageY":{"slots":[[{"h":246.614,"x":107.631,"y":-1059.191,"z":28.774},true],[{"h":246.614,"x":109.081,"y":-1055.895,"z":28.774},true],[{"h":246.614,"x":110.519,"y":-1052.598,"z":28.791},true],[{"h":246.614,"x":111.969,"y":-1049.301,"z":28.791},true],[{"h":246.614,"x":113.393,"y":-1046.004,"z":29.448},true],[{"h":0.0,"x":135.257,"y":-1069.464,"z":28.758},true],[{"h":0.0,"x":131.657,"y":-1069.464,"z":28.758},true],[{"h":0.0,"x":128.057,"y":-1069.477,"z":28.758},true],[{"h":0.0,"x":124.457,"y":-1069.49,"z":28.758},true],[{"h":0.0,"x":120.857,"y":-1069.503,"z":28.758},true],[{"h":0.0,"x":117.257,"y":-1069.516,"z":28.758},true],[{"h":0.0,"x":113.657,"y":-1069.53,"z":28.758},true],[{"h":0.0,"x":158.44,"y":-1081.635,"z":28.758},true],[{"h":0.0,"x":154.84,"y":-1081.609,"z":28.758},true],[{"h":0.0,"x":151.24,"y":-1081.596,"z":28.774},true],[{"h":0.0,"x":147.64,"y":-1081.582,"z":28.758},true],[{"h":0.0,"x":143.064,"y":-1082.163,"z":28.758},true],[{"h":0.0,"x":139.464,"y":-1082.202,"z":28.758},true],[{"h":0.0,"x":139.464,"y":-1082.202,"z":28.774},true],[{"h":0.0,"x":132.251,"y":-1082.281,"z":28.774},true],[{"h":0.0,"x":128.651,"y":-1082.321,"z":28.758},true],[{"h":0.0,"x":125.051,"y":-1082.36,"z":28.758},true],[{"h":0.0,"x":121.451,"y":-1082.4,"z":28.758},true],[{"h":0.0,"x":117.851,"y":-1082.44,"z":28.774},true],[{"h":0.0,"x":114.251,"y":-1082.479,"z":28.758},true]],"payment":{"onetime":true,"price":36},"blip":{"enable":true,"coords":{"x":101.0534896850586,"y":-1071.991943359375,"z":29.2307357788086},"type":"garage"},"ped":{"created":false,"coords":{"x":100.79844665527344,"y":-1071.7708740234376,