{"ace jones dr1":{"slots":[],"coords":{"z":118.27223205566406,"y":530.8372802734375,"h":293.31536865234377,"x":-1485.201416015625},"access":[]},"didion drive3":{"slots":[],"access":[],"coords":{"z":112.458251953125,"y":362.6522216796875,"h":67.78215789794922,"x":-90.0333480834961}},"spanish ave1":{"slots":[],"coords":{"z":181.68618774414066,"y":596.9407958984375,"h":152.9984588623047,"x":-273.8117980957031},"access":[]},"didion drive1":{"coords":{"z":112.45825958251952,"y":362.49114990234377,"h":70.4511489868164,"x":-89.3319091796875},"access":[],"slots":[]},"nikola ave1":{"slots":[],"coords":{"z":59.18221664428711,"y":-553.7841796875,"x":959.0463256835938,"h":223.4509429931641},"access":[]},"forum dr1":{"access":[],"slots":[[{"z":30.24721145629882,"y":-1428.7220458984376,"x":-25.1138916015625,"h":6.94460105895996},true],[{"z":30.45334243774414,"y":-1455.650634765625,"x":-16.29798889160156,"h":271.37249755859377},true],[{"z":30.65472221374512,"y":-1426.6929931640626,"x":-18.33084487915039,"h":315.6733093261719},true],[{"z":30.65447425842285,"y":-1440.243408203125,"x":-25.83073234558105,"h":183.57810974121098},true],[{"z":30.76462936401367,"y":-1450.533935546875,"x":-26.06619071960449,"h":177.7579345703125},true]],"coords":{"z":30.65451049804687,"y":-1438.4478759765626,"h":272.20458984375,"x":-21.34928703308105},"max":4},"grove st46":{"access":[],"slots":[[{"z":20.5678653717041,"y":-1926.4681396484376,"x":100.82347106933594,"h":254.4919891357422},true],[{"z":20.58703231811523,"y":-1920.85595703125,"x":90.81119537353516,"h":51.3381462097168},true],[{"z":20.64161109924316,"y":-1935.553955078125,"x":90.0409164428711,"h":207.17715454101569},true],[{"z":20.80375862121582,"y":-1937.02392578125,"x":100.47746276855468,"h":292.4402465820313},true]],"coords":{"z":20.74453926086426,"y":-1920.3177490234376,"h":288.1266174316406,"x":99.83328247070313},"max":4},"paleto blvd1":{"slots":[],"coords":{"z":31.47832679748535,"y":6129.81201171875,"h":232.18853759765626,"x":-425.712646484375},"access":[]},"palomino ave1":{"slots":[],"coords":{"z":-13.0666799545288,"y":-1102.46923828125,"h":188.8081207275391,"x":-670.4974365234375},"access":[]},"grove st1":{"slots":[],"coords":{"z":20.59799003601075,"y":-1929.399658203125,"h":232.3842315673828,"x":110.9825439453125},"access":[]},"picture perfect drive1":{"slots":[],"coords":{"z":107.68457794189452,"y":525.9868774414063,"h":38.66428756713867,"x":-591.6929931640625},"access":[]},"brouge ave1":{"slots":[],"coords":{"z":27.93098449707031,"y":-1814.855224609375,"h":235.5713653564453,"x":148.46966552734376},"access":[]},"west mirror drive2":{"slots":[],"coords":{"z":57.68862915039062,"y":-562.8955688476563,"h":106.9957504272461,"x":853.6123657226563},"access":[]},"north sheldon ave1":{"access":[],"slots":[[{"z":164.49832153320313,"y":790.7066650390625,"x":-1107.179443359375,"h":10.61350154876709},false,{"props":{"health":1000,"modTrunk":-1,"model":-1216765807,"modFender":-1,"modCustomTyres":false,"pearlescentColor":5,"modEngine":-1,"neonEnabled":[false,false,false,false],"modSuspension":-1,"modOrnaments":-1,"modAerials":-1,"modSmokeEnabled":false,"modXenon":false,"wheels":7,"modGrille":-1,"modFrame":-1,"modStruts":-1,"modHood":-1,"modArmor":-1,"modTurbo":false,"modSpoilers":-1,"modSteeringWheel":-1,"plate":"07ABX496","modFrontBumper":-1,"tyreSmokeColor":[255,255,255],"windowTint":-1,"modSpeakers":-1,"modArchCover":-1,"modRoof":-1,"modLivery":-1,"modFrontWheels":-1,"modRearBumper":-1,"color1":3,"neonColor":[255,0,255],"modHydrolic":-1,"modSeats":-1,"modExhaust":-1,"modWindows":-1,"modDial":-1,"modHorns":-1,"color2":13,"modEngineBlock":-1,"plateIndex":0,"modVanityPlate":-1,"dirtLevel":5.00072813034057,"modSideSkirt":-1,"modAirFilter":-1,"modAPlate":-1,"extras":[],"modTank":-1,"modBrakes":-1,"modDashboard":-1,"modTransmission":-1,"modRightFender":-1,"modTrimA":-1,"wheelColor":156,"modPlateHolder":-1,"modBackWheels":-1,"modTrimB":-1,"modShifterLeavers":-1,"modDoorSpeaker":-1},"plate":"07ABX496","model":-1216765807}],[{"z":164.30889892578126,"y":785.8164672851563,"x":-1094.201904296875,"h":319.5956115722656},true],[{"z":165.23736572265626,"y":789.7176513671875,"h":268.501220703125,"x":-1082.0267333984376},false,{"props":{"health":1000,"modTrunk":-1,"model":-1216765807,"modFender":-1,"modCustomTyres":false,"pearlescentColor":111,"modEngine":-1,"neonEnabled":[false,false,false,false],"modSuspension":-1,"modOrnaments":-1,"modAerials":-1,"modSmokeEnabled":false,"modXenon":false,"wheels":7,"modGrille":-1,"modFrame":-1,"modStruts":-1,"modHood":-1,"modArmor":-1,"modTurbo":false,"modSpoilers":-1,"modSteeringWheel":-1,"plate":"82RAG651","modFrontBumper":-1,"tyreSmokeColor":[255,255,255],"windowTint":-1,"modSpeakers":-1,"modArchCover":-1,"modRoof":-1,"modLivery":-1,"modFrontWheels":-1,"modRearBumper":-1,"color1":4,"neonColor":[255,0,255],"modHydrolic":-1,"modSeats":-1,"modExhaust":-1,"modWindows":-1,"modDial":-1,"modHorns":-1,"color2":12,"modEngineBlock":-1,"plateIndex":0,"modVanityPlate":-1,"dirtLevel":2.00163912773132,"modSideSkirt":-1,"modAirFilter":-1,"modAPlate":-1,"extras":[],"modTank":-1,"modBrakes":-1,"modDashboard":-1,"modTransmission":-1,"modRightFender":-1,"modTrimA":-1,"wheelColor":156,"modPlateHolder":-1,"modBackWheels":-1,"modTrimB":-1,"modShifterLeavers":-1,"modDoorSpeaker":-1},"plate":"82RAG651","model":-1216765807}],[{"z":163.7298583984375,"y":783.84228515625,"x":-1102.0177001953126,"h":64.63159942626953},true]],"coords":{"z":164.44268798828126,"y":789.6279907226563,"x":-1097.6561279296876,"h":111.89086151123049},"max":3},"west mirror drive3":{"slots":[],"coords":{"z":57.97576522827149,"y":-662.3165893554688,"h":87.4295883178711,"x":960.4567260742188},"access":[]},"mirror drive west1":{"slots":[],"coords":{"z":58.00751495361328,"y":-654.8548583984375,"h":309.8011779785156,"x":949.5355224609376},"access":[]}}