{"paleto blvd1":{"slots":[],"coords":{"x":-425.712646484375,"h":232.18853759765626,"y":6129.81201171875,"z":31.47832679748535},"access":[]},"nikola ave1":{"slots":[],"coords":{"h":223.4509429931641,"x":959.0463256835938,"y":-553.7841796875,"z":59.18221664428711},"access":[]},"ace jones dr1":{"slots":[],"coords":{"x":-1485.201416015625,"h":293.31536865234377,"y":530.8372802734375,"z":118.27223205566406},"access":[]},"mirror drive west1":{"slots":[],"coords":{"x":949.5355224609375,"h":309.8011779785156,"y":-654.8548583984375,"z":58.00751495361328},"access":[]},"brouge ave1":{"slots":[],"coords":{"x":148.46966552734376,"h":235.5713653564453,"y":-1814.855224609375,"z":27.930984497070314},"access":[]},"palomino ave1":{"slots":[],"coords":{"x":-670.4974365234375,"h":188.8081207275391,"y":-1102.46923828125,"z":-13.066679954528809},"access":[]},"forum dr1":{"max":4,"slots":[[{"h":6.944601058959961,"x":-25.1138916015625,"y":-1428.7220458984376,"z":30.247211456298829},true],[{"h":271.37249755859377,"x":-16.297988891601564,"y":-1455.650634765625,"z":30.45334243774414},true],[{"h":315.6733093261719,"x":-18.33084487915039,"y":-1426.6929931640626,"z":30.65472221374512},true],[{"h":183.57810974121098,"x":-25.830732345581056,"y":-1440.243408203125,"z":30.65447425842285},true],[{"h":177.7579345703125,"x":-26.066190719604493,"y":-1450.533935546875,"z":30.764629364013673},true]],"coords":{"x":-21.349287033081056,"h":272.20458984375,"y":-1438.4478759765626,"z":30.654510498046876},"access":[]},"picture perfect drive1":{"slots":[],"coords":{"x":-591.6929931640625,"h":38.66428756713867,"y":525.9868774414063,"z":107.68457794189452},"access":[]},"west mirror drive2":{"slots":[],"coords":{"x":853.6123657226563,"h":106.9957504272461,"y":-562.8955688476563,"z":57.688629150390628},"access":[]},"grove st46":{"max":4,"slots":[[{"h":254.4919891357422,"x":100.82347106933594,"y":-1926.4681396484376,"z":20.5678653717041},true],[{"h":51.3381462097168,"x":90.81119537353516,"y":-1920.85595703125,"z":20.587032318115236},true],[{"h":207.17715454101569,"x":90.0409164428711,"y":-1935.553955078125,"z":20.641611099243165},true],[{"h":292.4402465820313,"x":100.47746276855468,"y":-1937.02392578125,"z":20.80375862121582},true]],"coords":{"x":99.83328247070313,"h":288.1266174316406,"y":-1920.3177490234376,"z":20.74453926086426},"access":[]},"grove st1":{"slots":[],"coords":{"x":110.9825439453125,"h":232.3842315673828,"y":-1929.399658203125,"z":20.59799003601075},"access":[]},"spanish ave1":{"slots":[],"coords":{"x":-273.8117980957031,"h":152.9984588623047,"y":596.9407958984375,"z":181.68618774414066},"access":[]},"west mirror drive3":{"slots":[],"coords":{"x":960.4567260742188,"h":87.4295883178711,"y":-662.3165893554688,"z":57.97576522827149},"access":[]},"north sheldon ave1":{"max":3,"slots":[[{"h":10.61350154876709,"x":-1107.179443359375,"y":790.7066650390625,"z":164.49832153320313},false,{"props":{"modAerials":-1,"modSpeakers":-1,"modFrontBumper":-1,"modEngineBlock":-1,"modStruts":-1,"modSeats":-1,"neonEnabled":[false,false,false,false],"modTrimB":-1,"modArmor":-1,"health":1000,"modSideSkirt":-1,"modWindows":-1,"modXenon":false,"plateIndex":0,"modTrunk":-1,"modTransmission":-1,"model":-1216765807,"pearlescentColor":5,"windowTint":-1,"plate":"07ABX496","modFender":-1,"modRearBumper":-1,"modDoorSpeaker":-1,"modFrontWheels":-1,"wheels":7,"modBackWheels":-1,"modShifterLeavers":-1,"modTurbo":false,"modPlateHolder":-1,"modLivery":-1,"wheelColor":156,"modHydrolic":-1,"modSuspension":-1,"modSmokeEnabled":false,"modAPlate":-1,"modCustomTyres":false,"dirtLevel":5.000728130340576,"modDial":-1,"modTank":-1,"modHood":-1,"modVanityPlate":-1,"modAirFilter":-1,"modExhaust":-1,"modHorns":-1,"modBrakes":-1,"modDashboard":-1,"modSpoilers":-1,"tyreSmokeColor":[255,255,255],"neonColor":[255,0,255],"modRoof":-1,"modArchCover":-1,"extras":[],"modEngine":-1,"modTrimA":-1,"color2":13,"modRightFender":-1,"modOrnaments":-1,"modFrame":-1,"modSteeringWheel":-1,"color1":3,"modGrille":-1},"plate":"07ABX496","model":-1216765807}],[{"h":319.5956115722656,"x":-1094.201904296875,"y":785.8164672851563,"z":164.30889892578126},true],[{"x":-1082.0267333984376,"h":268.501220703125,"y":789.7176513671875,"z":165.23736572265626},false,{"props":{"modAerials":-1,"modSpeakers":-1,"modFrontBumper":-1,"modEngineBlock":-1,"modStruts":-1,"modSeats":-1,"neonEnabled":[false,false,false,false],"modTrimB":-1,"modArmor":-1,"health":1000,"modSideSkirt":-1,"modWindows":-1,"modXenon":false,"plateIndex":0,"modTrunk":-1,"modTransmission":-1,"model":-1216765807,"pearlescentColor":111,"windowTint":-1,"plate":"82RAG651","modFender":-1,"modRearBumper":-1,"modDoorSpeaker":-1,"modFrontWheels":-1,"wheels":7,"modBackWheels":-1,"modShifterLeavers":-1,"modTurbo":false,"modPlateHolder":-1,"modLivery":-1,"wheelColor":156,"modHydrolic":-1,"modSuspension":-1,"modSmokeEnabled":false,"modAPlate":-1,"modCustomTyres":false,"dirtLevel":2.0016391277313234,"modDial":-1,"modTank":-1,"modHood":-1,"modVanityPlate":-1,"modAirFilter":-1,"modExhaust":-1,"modHorns":-1,"modBrakes":-1,"modDashboard":-1,"modSpoilers":-1,"tyreSmokeColor":[255,255,255],"neonColor":[255,0,255],"modRoof":-1,"modArchCover":-1,"extras":[],"modEngine":-1,"modTrimA":-1,"color2":12,"modRightFender":-1,"modOrnaments":-1,"modFrame":-1,"modSteeringWheel":-1,"color1":4,"modGrille":-1},"plate":"82RAG651","model":-1216765807}],[{"h":64.63159942626953,"x":-1102.0177001953126,"y":783.84228515625,"z":163.7298583984375},true]],"coords":{"h":111.89086151123049,"x":-1097.6561279296876,"y":789.6279907226563,"z":164.44268798828126},"access":[]}}